YAL005C,YOR178C
YAL010C,YKR001C
YAL010C,YLL001W
YAL014C,YKL196C
YAL016W,YJL076W
YAL016W,YOR195W
YAL024C,YML064C
YAL030W,YDR468C
YAL030W,YMR183C
YAL030W,YMR197C
YAL030W,YOL018C
YAL030W,YPL232W
YAL040C,YER111C
YAL040C,YLR182W
YAL040C,YOR083W
YAL041W,YER118C
YAL041W,YLR229C
YAL041W,YLR229C
YAL041W,YLR229C
YAL041W,YPR165W
YAL041W,YPR165W
YAL054C,YKL112W
YAR007C,YBL021C
YAR007C,YBL035C
YAR007C,YIR008C
YAR007C,YKL045W
YAR007C,YNL102W
YAR007C,YNL262W
YAR007C,YOR358W
YAR007C,YPR175W
YAR019C,YGR092W
YAR019C,YHR102W
YAR019C,YIL106W
YAR019C,YML064C
YAR019C,YPR111W
YBL004W,YDR324C
YBL004W,YDR398W
YBL004W,YGR090W
YBL004W,YGR095C
YBL004W,YGR159C
YBL004W,YJL050W
YBL004W,YJL069C
YBL004W,YJL109C
YBL004W,YMR093W
YBL004W,YOR001W
YBL004W,YPL126W
YBL016W,YDL159W
YBL016W,YDR480W
YBL016W,YER075C
YBL016W,YER123W
YBL016W,YFR028C
YBL016W,YGR218W
YBL016W,YHR084W
YBL016W,YHR135C
YBL016W,YIR026C
YBL016W,YJL128C
YBL016W,YJL157C
YBL016W,YNL053W
YBL016W,YNL154C
YBL016W,YNL271C
YBL016W,YOR208W
YBL016W,YPL049C
YBL021C,YAR007C
YBL021C,YBL023C
YBL021C,YBR060C
YBL021C,YBR160W
YBL021C,YBR202W
YBL021C,YDL017W
YBL021C,YEL032W
YBL021C,YGL201C
YBL021C,YIL150C
YBL021C,YJL194W
YBL021C,YLR103C
YBL021C,YLR274W
YBL021C,YNL261W
YBL021C,YNL312W
YBL021C,YPR019W
YBL021C,YPR162C
YBL023C,YBL021C
YBL023C,YBL035C
YBL023C,YDL017W
YBL023C,YDR052C
YBL023C,YIR008C
YBL023C,YKL045W
YBL023C,YNL102W
YBL023C,YNL262W
YBL023C,YOR358W
YBL023C,YPR175W
YBL035C,YAR007C
YBL035C,YBL023C
YBL035C,YBR060C
YBL035C,YBR160W
YBL035C,YBR202W
YBL035C,YDL017W
YBL035C,YEL032W
YBL035C,YGL201C
YBL035C,YIL150C
YBL035C,YJL194W
YBL035C,YLL004W
YBL035C,YLR103C
YBL035C,YLR274W
YBL035C,YNL261W
YBL035C,YNL312W
YBL035C,YPR019W
YBL035C,YPR162C
YBL078C,YBR097W
YBL078C,YBR217W
YBL078C,YDR207C
YBL078C,YHR171W
YBL078C,YIL146C
YBL078C,YKL002W
YBL078C,YKL041W
YBL078C,YLR025W
YBL078C,YLR240W
YBL078C,YLR240W
YBL078C,YMR077C
YBL078C,YNL223W
YBL078C,YNL223W
YBL078C,YNR007C
YBL078C,YPL120W
YBL078C,YPL120W
YBL078C,YPL149W
YBL079W,YJL041W
YBL079W,YJL041W
YBL084C,YGL003C
YBL084C,YGL116W
YBL084C,YGR108W
YBL084C,YJL013C
YBL084C,YJL030W
YBL084C,YMR001C
YBL084C,YOR026W
YBL084C,YPR119W
YBL088C,YBR274W
YBL088C,YMR224C
YBL104C,YEL062W
YBL104C,YJR138W
YBL105C,YDR466W
YBL105C,YDR490C
YBL105C,YJL095W
YBL105C,YOL100W
YBL105C,YPR165W
YBR060C,YBL021C
YBR060C,YBL035C
YBR060C,YIR008C
YBR060C,YKL045W
YBR060C,YNL102W
YBR060C,YNL262W
YBR060C,YOR358W
YBR060C,YPR175W
YBR088C,YDL102W
YBR088C,YJR006W
YBR088C,YLL039C
YBR088C,YNL262W
YBR097W,YBL078C
YBR097W,YDL149W
YBR097W,YLR240W
YBR109C,YHR205W
YBR109C,YKL126W
YBR109C,YLR229C
YBR109C,YMR104C
YBR109C,YPL242C
YBR112C,YDL101C
YBR112C,YNL167C
YBR128C,YGL180W
YBR133C,YJL187C
YBR133C,YLR113W
YBR133C,YNL317W
YBR135W,YDR328C
YBR136W,YBR274W
YBR136W,YCL061C
YBR136W,YDR217C
YBR136W,YER173W
YBR136W,YLR263W
YBR136W,YLR288C
YBR136W,YOR368W
YBR136W,YPL153C
YBR136W,YPL194W
YBR154C,YGR063C
YBR154C,YML010W
YBR160W,YBL021C
YBR160W,YBL035C
YBR160W,YDR146C
YBR160W,YER111C
YBR160W,YFL029C
YBR160W,YGR218W
YBR160W,YGR225W
YBR160W,YIR008C
YBR160W,YJL157C
YBR160W,YJL187C
YBR160W,YJL194W
YBR160W,YKL045W
YBR160W,YLR079W
YBR160W,YLR182W
YBR160W,YMR036C
YBR160W,YNL102W
YBR160W,YNL262W
YBR160W,YOR083W
YBR160W,YOR358W
YBR160W,YPR175W
YBR181C,YDR324C
YBR181C,YDR398W
YBR181C,YGR095C
YBR181C,YGR159C
YBR181C,YJL050W
YBR181C,YJL069C
YBR181C,YJL109C
YBR181C,YMR093W
YBR181C,YOR001W
YBR182C,YLR113W
YBR189W,YDR324C
YBR189W,YDR398W
YBR189W,YGR095C
YBR189W,YGR159C
YBR189W,YJL050W
YBR189W,YJL069C
YBR189W,YJL109C
YBR189W,YMR093W
YBR189W,YOR001W
YBR202W,YBL021C
YBR202W,YBL035C
YBR202W,YDL017W
YBR202W,YDR052C
YBR202W,YIR008C
YBR202W,YKL045W
YBR202W,YNL102W
YBR202W,YNL262W
YBR202W,YOR358W
YBR202W,YPR175W
YBR217W,YBL078C
YBR217W,YHR171W
YBR217W,YLL042C
YBR217W,YNR007C
YBR221C,YIL042C
YBR247C,YCR047C
YBR260C,YKL092C
YBR260C,YNL098C
YBR260C,YOR101W
YBR274W,YBL088C
YBR274W,YBR136W
YBR274W,YDR113C
YBR274W,YDR499W
YBR274W,YMR036C
YBR279W,YHR030C
YBR279W,YKL161C
YCL017C,YHR111W
YCL017C,YOR251C
YCL017C,YPL252C
YCL018W,YLR451W
YCL024W,YJL187C
YCL031C,YCL059C
YCL031C,YDL148C
YCL031C,YDR449C
YCL031C,YER082C
YCL031C,YGL171W
YCL031C,YHR065C
YCL031C,YHR148W
YCL031C,YKL099C
YCL031C,YLL011W
YCL031C,YLR129W
YCL031C,YLR222C
YCL031C,YNL075W
YCL031C,YOR287C
YCL031C,YOR287C
YCL031C,YPL217C
YCL031C,YPR144C
YCL032W,YLR362W
YCL032W,YPR075C
YCL059C,YCL031C
YCL059C,YDR324C
YCL059C,YDR398W
YCL059C,YGR095C
YCL059C,YGR159C
YCL059C,YJL050W
YCL059C,YJL069C
YCL059C,YJL109C
YCL059C,YMR093W
YCL059C,YOR001W
YCL059C,YOR287C
YCL061C,YBR136W
YCL061C,YDR499W
YCL061C,YPL153C
YCR027C,YHR186C
YCR027C,YNL006W
YCR031C,YDR324C
YCR031C,YDR398W
YCR031C,YGR095C
YCR031C,YGR159C
YCR031C,YJL050W
YCR031C,YJL069C
YCR031C,YJL109C
YCR031C,YMR093W
YCR031C,YOR001W
YCR039C,YGR044C
YCR047C,YBR247C
YCR047C,YDL060W
YCR047C,YKL143W
YCR047C,YNL207W
YCR047C,YOR056C
YCR047C,YOR145C
YCR057C,YDR324C
YCR057C,YDR398W
YCR057C,YGR090W
YCR057C,YGR095C
YCR057C,YGR159C
YCR057C,YJL050W
YCR057C,YJL069C
YCR057C,YJL109C
YCR057C,YMR093W
YCR057C,YOR001W
YCR057C,YPL126W
YCR067C,YPL218W
YCR073C,YJL128C
YCR073C,YLR006C
YCR084C,YDL101C
YCR084C,YNL167C
YCR096C,YGR044C
YCR097W,YGR044C
YDL003W,YGR098C
YDL006W,YLR113W
YDL008W,YGL003C
YDL008W,YGL116W
YDL008W,YJL013C
YDL008W,YJL030W
YDL008W,YOR026W
YDL014W,YDR324C
YDL014W,YDR398W
YDL014W,YGR090W
YDL014W,YGR095C
YDL014W,YGR159C
YDL014W,YJL050W
YDL014W,YJL069C
YDL014W,YJL109C
YDL014W,YMR093W
YDL014W,YOR001W
YDL014W,YPL126W
YDL017W,YBL021C
YDL017W,YBL023C
YDL017W,YBL035C
YDL017W,YBR202W
YDL017W,YEL032W
YDL017W,YGL201C
YDL017W,YIR008C
YDL017W,YKL045W
YDL017W,YLR274W
YDL017W,YNL102W
YDL017W,YNL262W
YDL017W,YOR358W
YDL017W,YPR019W
YDL017W,YPR175W
YDL028C,YGL086W
YDL029W,YPR049C
YDL035C,YJL005W
YDL035C,YNL098C
YDL035C,YOR101W
YDL056W,YOR083W
YDL060W,YCR047C
YDL084W,YOR384W
YDL101C,YBR112C
YDL101C,YCR084C
YDL101C,YLR176C
YDL101C,YPL153C
YDL102W,YBR088C
YDL116W,YFR002W
YDL116W,YFR002W
YDL116W,YGL100W
YDL116W,YGL100W
YDL116W,YGR119C
YDL116W,YGR119C
YDL116W,YIL115C
YDL116W,YIL115C
YDL116W,YJL039C
YDL116W,YJL039C
YDL116W,YJL041W
YDL116W,YJL041W
YDL116W,YJR042W
YDL116W,YJR042W
YDL116W,YKR082W
YDL116W,YKR082W
YDL116W,YLR208W
YDL116W,YLR208W
YDL116W,YLR335W
YDL116W,YLR335W
YDL116W,YMR235C
YDL116W,YMR235C
YDL120W,YPL252C
YDL132W,YDR328C
YDL132W,YDR328C
YDL132W,YJL157C
YDL132W,YJL187C
YDL132W,YJL194W
YDL132W,YLR079W
YDL132W,YLR128W
YDL132W,YLR306W
YDL132W,YMR199W
YDL132W,YOL133W
YDL132W,YOL133W
YDL132W,YPL256C
YDL134C,YGL180W
YDL134C,YJL076W
YDL134C,YMR028W
YDL134C,YOR195W
YDL134C,YPR049C
YDL134C,YPR185W
YDL135C,YPR165W
YDL148C,YCL031C
YDL148C,YDR324C
YDL148C,YDR398W
YDL148C,YGR090W
YDL148C,YGR095C
YDL148C,YGR159C
YDL148C,YJL050W
YDL148C,YJL069C
YDL148C,YJL109C
YDL148C,YMR093W
YDL148C,YOR001W
YDL148C,YPL126W
YDL149W,YBR097W
YDL149W,YDR022C
YDL149W,YFR021W
YDL149W,YGL180W
YDL149W,YLR240W
YDL149W,YLR423C
YDL149W,YNL242W
YDL149W,YPL100W
YDL149W,YPL120W
YDL149W,YPL166W
YDL149W,YPR185W
YDL153C,YDR324C
YDL153C,YDR398W
YDL153C,YGR090W
YDL153C,YGR095C
YDL153C,YGR159C
YDL153C,YJL050W
YDL153C,YJL069C
YDL153C,YJL109C
YDL153C,YMR093W
YDL153C,YOR001W
YDL155W,YFR028C
YDL155W,YGR218W
YDL159W,YBL016W
YDL159W,YGR040W
YDL159W,YLR362W
YDL188C,YGL180W
YDL188C,YJL076W
YDL188C,YMR028W
YDL188C,YOR195W
YDL188C,YPR049C
YDL188C,YPR185W
YDL207W,YIL115C
YDL207W,YJL041W
YDL207W,YPL169C
YDL234C,YER031C
YDL234C,YFL038C
YDL234C,YGL210W
YDL234C,YML001W
YDL235C,YIL147C
YDL235C,YLR006C
YDR002W,YMR235C
YDR002W,YMR235C
YDR022C,YDL149W
YDR022C,YPR185W
YDR052C,YBL023C
YDR052C,YBR202W
YDR052C,YEL032W
YDR052C,YGL201C
YDR052C,YLR274W
YDR052C,YPR019W
YDR062W,YHR186C
YDR062W,YJR066W
YDR062W,YKL203C
YDR062W,YNL006W
YDR096W,YFL033C
YDR099W,YGL073W
YDR099W,YHL007C
YDR099W,YLR229C
YDR110W,YHR152W
YDR110W,YJL076W
YDR113C,YBR274W
YDR113C,YGR098C
YDR118W,YGL003C
YDR118W,YGL116W
YDR118W,YJL013C
YDR118W,YJL030W
YDR118W,YOR026W
YDR128W,YEL062W
YDR128W,YJR138W
YDR144C,YGR014W
YDR146C,YBR160W
YDR146C,YFR028C
YDR146C,YGR108W
YDR146C,YPR119W
YDR207C,YBL078C
YDR207C,YFL033C
YDR207C,YFL033C
YDR207C,YJR066W
YDR207C,YKL203C
YDR207C,YMR139W
YDR211W,YER025W
YDR211W,YJR007W
YDR211W,YPL237W
YDR217C,YBR136W
YDR217C,YDR499W
YDR217C,YPL153C
YDR228C,YDR289C
YDR283C,YHR186C
YDR283C,YJR007W
YDR283C,YJR007W
YDR283C,YJR066W
YDR283C,YKL203C
YDR283C,YNL006W
YDR289C,YDR228C
YDR310C,YJL106W
YDR324C,YBL004W
YDR324C,YBR181C
YDR324C,YBR189W
YDR324C,YCL059C
YDR324C,YCR031C
YDR324C,YCR057C
YDR324C,YDL014W
YDR324C,YDL148C
YDR324C,YDL153C
YDR324C,YDR339C
YDR324C,YDR398W
YDR324C,YDR398W
YDR324C,YDR449C
YDR324C,YEL026W
YDR324C,YER082C
YDR324C,YGL123W
YDR324C,YGL171W
YDR324C,YGR090W
YDR324C,YGR090W
YDR324C,YGR095C
YDR324C,YGR159C
YDR324C,YHR065C
YDR324C,YHR148W
YDR324C,YHR169W
YDR324C,YIL091C
YDR324C,YJL050W
YDR324C,YJL069C
YDR324C,YJL069C
YDR324C,YJL109C
YDR324C,YJL109C
YDR324C,YJL191W
YDR324C,YJR002W
YDR324C,YKL099C
YDR324C,YLL011W
YDR324C,YLR129W
YDR324C,YLR186W
YDR324C,YLR197W
YDR324C,YLR222C
YDR324C,YLR409C
YDR324C,YML093W
YDR324C,YMR093W
YDR324C,YMR093W
YDR324C,YMR128W
YDR324C,YMR229C
YDR324C,YNL075W
YDR324C,YNL096C
YDR324C,YOL010W
YDR324C,YOR001W
YDR324C,YOR096W
YDR324C,YOR310C
YDR324C,YPL081W
YDR324C,YPL126W
YDR324C,YPL126W
YDR324C,YPL217C
YDR324C,YPR137W
YDR324C,YPR144C
YDR328C,YBR135W
YDR328C,YDL132W
YDR328C,YDL132W
YDR328C,YER051W
YDR328C,YER051W
YDR328C,YJL157C
YDR328C,YJL187C
YDR328C,YJL194W
YDR328C,YLR079W
YDR328C,YMR199W
YDR328C,YOL133W
YDR328C,YOL133W
YDR328C,YPL256C
YDR339C,YDR324C
YDR339C,YDR398W
YDR339C,YGR095C
YDR339C,YGR159C
YDR339C,YJL050W
YDR339C,YJL069C
YDR339C,YJL109C
YDR339C,YMR093W
YDR339C,YOR001W
YDR379W,YLR229C
YDR389W,YPR165W
YDR398W,YBL004W
YDR398W,YBR181C
YDR398W,YBR189W
YDR398W,YCL059C
YDR398W,YCR031C
YDR398W,YCR057C
YDR398W,YDL014W
YDR398W,YDL148C
YDR398W,YDL153C
YDR398W,YDR324C
YDR398W,YDR324C
YDR398W,YDR339C
YDR398W,YDR449C
YDR398W,YEL026W
YDR398W,YER082C
YDR398W,YGL123W
YDR398W,YGL171W
YDR398W,YGR090W
YDR398W,YGR090W
YDR398W,YGR095C
YDR398W,YGR159C
YDR398W,YHR065C
YDR398W,YHR148W
YDR398W,YHR169W
YDR398W,YIL091C
YDR398W,YJL050W
YDR398W,YJL069C
YDR398W,YJL069C
YDR398W,YJL109C
YDR398W,YJL109C
YDR398W,YJL191W
YDR398W,YJR002W
YDR398W,YKL099C
YDR398W,YLL011W
YDR398W,YLR129W
YDR398W,YLR186W
YDR398W,YLR197W
YDR398W,YLR222C
YDR398W,YLR409C
YDR398W,YML093W
YDR398W,YMR093W
YDR398W,YMR093W
YDR398W,YMR128W
YDR398W,YMR229C
YDR398W,YNL075W
YDR398W,YNL096C
YDR398W,YOL010W
YDR398W,YOR001W
YDR398W,YOR096W
YDR398W,YOR310C
YDR398W,YPL081W
YDR398W,YPL126W
YDR398W,YPL126W
YDR398W,YPL217C
YDR398W,YPR137W
YDR398W,YPR144C
YDR404C,YGR063C
YDR404C,YML010W
YDR420W,YLR229C
YDR449C,YCL031C
YDR449C,YDR324C
YDR449C,YDR398W
YDR449C,YGR090W
YDR449C,YGR095C
YDR449C,YGR159C
YDR449C,YJL050W
YDR449C,YJL069C
YDR449C,YJL109C
YDR449C,YMR093W
YDR449C,YOR001W
YDR449C,YPL126W
YDR461W,YKL178C
YDR466W,YBL105C
YDR466W,YHR205W
YDR466W,YKL126W
YDR466W,YMR104C
YDR468C,YAL030W
YDR468C,YOR327C
YDR477W,YER129W
YDR477W,YGL179C
YDR477W,YGL180W
YDR477W,YKL048C
YDR480W,YBL016W
YDR480W,YGR040W
YDR480W,YHR084W
YDR490C,YBL105C
YDR498C,YLR268W
YDR499W,YBR274W
YDR499W,YCL061C
YDR499W,YDR217C
YDR499W,YPL153C
YDR507C,YJL187C
YDR532C,YOL139C
YEL009C,YGL180W
YEL009C,YHR071W
YEL009C,YJR007W
YEL009C,YOR128C
YEL009C,YPL031C
YEL026W,YDR324C
YEL026W,YDR398W
YEL026W,YGR095C
YEL026W,YGR159C
YEL026W,YJL050W
YEL026W,YJL069C
YEL026W,YJL109C
YEL026W,YMR093W
YEL026W,YOR001W
YEL032W,YBL021C
YEL032W,YBL035C
YEL032W,YDL017W
YEL032W,YDR052C
YEL032W,YIR008C
YEL032W,YKL045W
YEL032W,YNL102W
YEL032W,YNL262W
YEL032W,YOR358W
YEL032W,YPR175W
YEL056W,YNL031C
YEL062W,YBL104C
YEL062W,YDR128W
YEL062W,YGL100W
YEL062W,YML121W
YEL062W,YOL138C
YER006W,YGR103W
YER006W,YMR049C
YER006W,YOR272W
YER009W,YJL041W
YER016W,YPL155C
YER016W,YPL155C
YER018C,YIL144W
YER018C,YIL144W
YER018C,YJL030W
YER018C,YJL030W
YER018C,YOL069W
YER018C,YOL069W
YER018C,YPL209C
YER018C,YPL209C
YER020W,YJL005W
YER025W,YDR211W
YER025W,YLR291C
YER025W,YOR260W
YER031C,YDL234C
YER048W-A,YPL252C
YER051W,YDR328C
YER051W,YDR328C
YER075C,YBL016W
YER075C,YGR040W
YER075C,YHR030C
YER075C,YLR113W
YER082C,YCL031C
YER082C,YDR324C
YER082C,YDR398W
YER082C,YGR090W
YER082C,YGR095C
YER082C,YGR159C
YER082C,YJL050W
YER082C,YJL069C
YER082C,YJL109C
YER082C,YMR093W
YER082C,YOR001W
YER082C,YPL126W
YER103W,YGL073W
YER103W,YNL007C
YER103W,YNL064C
YER105C,YJL041W
YER105C,YJL041W
YER107C,YGR119C
YER107C,YGR119C
YER107C,YJL041W
YER107C,YJL041W
YER111C,YAL040C
YER111C,YBR160W
YER111C,YHR030C
YER111C,YKL161C
YER111C,YOR083W
YER118C,YAL041W
YER118C,YGR014W
YER118C,YLR229C
YER123W,YBL016W
YER123W,YGR040W
YER125W,YFL026W
YER125W,YKL178C
YER129W,YDR477W
YER155C,YPR165W
YER173W,YBR136W
YER177W,YGL073W
YER177W,YHL007C
YER177W,YLR229C
YER178W,YIL042C
YFL008W,YGR098C
YFL009W,YJL157C
YFL009W,YJL194W
YFL009W,YLR079W
YFL018C,YIL042C
YFL026W,YER125W
YFL026W,YGL089C
YFL026W,YHR005C
YFL026W,YHR135C
YFL026W,YNL154C
YFL026W,YPL187W
YFL029C,YBR160W
YFL029C,YGR108W
YFL029C,YPR119W
YFL033C,YDR096W
YFL033C,YDR207C
YFL033C,YDR207C
YFL033C,YHR205W
YFL033C,YJL164C
YFL033C,YKL062W
YFL033C,YKL166C
YFL033C,YMR037C
YFL033C,YPL203W
YFL038C,YDL234C
YFL038C,YNL293W
YFL038C,YOL112W
YFL039C,YLR229C
YFL039C,YOR181W
YFL039C,YPL242C
YFL039C,YPR165W
YFR002W,YDL116W
YFR002W,YDL116W
YFR002W,YGR119C
YFR002W,YGR119C
YFR002W,YIL115C
YFR002W,YIL115C
YFR002W,YJL039C
YFR002W,YJL039C
YFR002W,YJL041W
YFR002W,YJL041W
YFR002W,YJR042W
YFR002W,YJR042W
YFR002W,YLR335W
YFR002W,YLR335W
YFR021W,YDL149W
YFR021W,YNL242W
YFR028C,YBL016W
YFR028C,YDL155W
YFR028C,YDR146C
YFR028C,YGL003C
YFR028C,YGR040W
YFR028C,YGR092W
YFR028C,YGR098C
YFR028C,YGR108W
YFR028C,YGR109C
YFR028C,YIL106W
YFR028C,YJL076W
YFR028C,YLR079W
YFR028C,YLR210W
YFR028C,YPR111W
YFR028C,YPR119W
YFR028C,YPR120C
YFR031C,YLR086W
YFR031C,YLR086W
YFR034C,YOL001W
YFR034C,YPL031C
YGL003C,YBL084C
YGL003C,YDL008W
YGL003C,YDR118W
YGL003C,YFR028C
YGL003C,YGL240W
YGL003C,YGR108W
YGL003C,YHR166C
YGL003C,YKL022C
YGL003C,YLR127C
YGL003C,YMR001C
YGL003C,YNL172W
YGL003C,YPR119W
YGL012W,YLR056W
YGL013C,YOR153W
YGL018C,YLL027W
YGL018C,YPL059W
YGL018C,YPR067W
YGL019W,YIL146C
YGL070C,YGR063C
YGL070C,YML010W
YGL071W,YMR319C
YGL073W,YDR099W
YGL073W,YER103W
YGL073W,YER177W
YGL073W,YNL007C
YGL073W,YPL240C
YGL073W,YPR080W
YGL086W,YDL028C
YGL086W,YGL116W
YGL086W,YJL030W
YGL086W,YJL030W
YGL086W,YJL030W
YGL089C,YFL026W
YGL089C,YIL015W
YGL091C,YMR301C
YGL098W,YLR268W
YGL100W,YDL116W
YGL100W,YDL116W
YGL100W,YEL062W
YGL100W,YJL039C
YGL100W,YJL039C
YGL100W,YJL041W
YGL100W,YJL041W
YGL100W,YJR042W
YGL100W,YJR042W
YGL100W,YLR208W
YGL100W,YLR208W
YGL115W,YHR186C
YGL115W,YJR066W
YGL115W,YKL203C
YGL116W,YBL084C
YGL116W,YDL008W
YGL116W,YDR118W
YGL116W,YGL086W
YGL116W,YGL240W
YGL116W,YGR188C
YGL116W,YHR166C
YGL116W,YJL013C
YGL116W,YJL030W
YGL116W,YJL030W
YGL116W,YKL022C
YGL116W,YLR127C
YGL116W,YNL172W
YGL116W,YOR026W
YGL116W,YOR026W
YGL123W,YDR324C
YGL123W,YDR398W
YGL123W,YGR095C
YGL123W,YGR159C
YGL123W,YJL050W
YGL123W,YJL069C
YGL123W,YJL109C
YGL123W,YMR093W
YGL123W,YOR001W
YGL171W,YCL031C
YGL171W,YDR324C
YGL171W,YDR398W
YGL171W,YGR090W
YGL171W,YGR095C
YGL171W,YGR159C
YGL171W,YJL050W
YGL171W,YJL069C
YGL171W,YJL109C
YGL171W,YMR093W
YGL171W,YOR001W
YGL179C,YDR477W
YGL180W,YBR128C
YGL180W,YDL134C
YGL180W,YDL149W
YGL180W,YDL188C
YGL180W,YDR477W
YGL180W,YEL009C
YGL180W,YHR186C
YGL180W,YJR066W
YGL180W,YKL203C
YGL180W,YNL242W
YGL180W,YPL120W
YGL180W,YPR185W
YGL190C,YJL076W
YGL190C,YOR195W
YGL201C,YBL021C
YGL201C,YBL035C
YGL201C,YDL017W
YGL201C,YDR052C
YGL201C,YIR008C
YGL201C,YKL045W
YGL201C,YNL102W
YGL201C,YNL262W
YGL201C,YOR358W
YGL201C,YPR175W
YGL210W,YDL234C
YGL211W,YNL119W
YGL212W,YKL196C
YGL219C,YKR001C
YGL219C,YLL001W
YGL240W,YGL003C
YGL240W,YGL116W
YGL240W,YGR108W
YGL240W,YJL013C
YGL240W,YJL030W
YGL240W,YOR026W
YGL240W,YPR119W
YGR014W,YDR144C
YGR014W,YER118C
YGR014W,YLR120C
YGR014W,YLR229C
YGR023W,YGR070W
YGR023W,YLR371W
YGR040W,YDL159W
YGR040W,YDR480W
YGR040W,YER075C
YGR040W,YER123W
YGR040W,YFR028C
YGR040W,YGR218W
YGR040W,YHR084W
YGR040W,YHR135C
YGR040W,YIR026C
YGR040W,YJL128C
YGR040W,YJL157C
YGR040W,YNL053W
YGR040W,YNL154C
YGR040W,YNL271C
YGR040W,YOR208W
YGR040W,YPL049C
YGR044C,YCR039C
YGR044C,YCR096C
YGR044C,YCR097W
YGR044C,YIL099W
YGR063C,YBR154C
YGR063C,YDR404C
YGR063C,YGL070C
YGR063C,YHR143W-A
YGR063C,YIL021W
YGR063C,YJL140W
YGR063C,YOL005C
YGR063C,YOR151C
YGR063C,YOR210W
YGR063C,YOR224C
YGR063C,YPR187W
YGR070W,YGR023W
YGR070W,YLR332W
YGR070W,YNL283C
YGR070W,YOL105C
YGR070W,YOR008C
YGR070W,YPR165W
YGR083C,YJR007W
YGR090W,YBL004W
YGR090W,YCR057C
YGR090W,YDL014W
YGR090W,YDL148C
YGR090W,YDL153C
YGR090W,YDR324C
YGR090W,YDR324C
YGR090W,YDR398W
YGR090W,YDR398W
YGR090W,YDR449C
YGR090W,YER082C
YGR090W,YGL171W
YGR090W,YGR095C
YGR090W,YGR159C
YGR090W,YHR065C
YGR090W,YIL091C
YGR090W,YJL050W
YGR090W,YJL069C
YGR090W,YJL069C
YGR090W,YJL109C
YGR090W,YJL109C
YGR090W,YJR002W
YGR090W,YLL011W
YGR090W,YLR129W
YGR090W,YLR197W
YGR090W,YLR222C
YGR090W,YLR409C
YGR090W,YML093W
YGR090W,YMR093W
YGR090W,YMR093W
YGR090W,YMR128W
YGR090W,YMR229C
YGR090W,YNL075W
YGR090W,YOR001W
YGR090W,YOR310C
YGR090W,YPL126W
YGR090W,YPL126W
YGR090W,YPL217C
YGR090W,YPR137W
YGR090W,YPR144C
YGR092W,YAR019C
YGR092W,YFR028C
YGR095C,YBL004W
YGR095C,YBR181C
YGR095C,YBR189W
YGR095C,YCL059C
YGR095C,YCR031C
YGR095C,YCR057C
YGR095C,YDL014W
YGR095C,YDL148C
YGR095C,YDL153C
YGR095C,YDR324C
YGR095C,YDR339C
YGR095C,YDR398W
YGR095C,YDR449C
YGR095C,YEL026W
YGR095C,YER082C
YGR095C,YGL123W
YGR095C,YGL171W
YGR095C,YGR090W
YGR095C,YHR065C
YGR095C,YHR148W
YGR095C,YHR169W
YGR095C,YIL091C
YGR095C,YJL069C
YGR095C,YJL109C
YGR095C,YJL191W
YGR095C,YJR002W
YGR095C,YKL099C
YGR095C,YLL011W
YGR095C,YLR129W
YGR095C,YLR186W
YGR095C,YLR197W
YGR095C,YLR222C
YGR095C,YLR409C
YGR095C,YML093W
YGR095C,YMR093W
YGR095C,YMR128W
YGR095C,YMR229C
YGR095C,YNL075W
YGR095C,YNL096C
YGR095C,YOL010W
YGR095C,YOR096W
YGR095C,YOR310C
YGR095C,YPL081W
YGR095C,YPL217C
YGR095C,YPR137W
YGR095C,YPR144C
YGR098C,YDL003W
YGR098C,YDR113C
YGR098C,YFL008W
YGR098C,YFR028C
YGR098C,YIL026C
YGR098C,YJL074C
YGR098C,YOR195W
YGR098C,YPR007C
YGR100W,YML001W
YGR103W,YER006W
YGR103W,YHR085W
YGR103W,YKL172W
YGR103W,YMR049C
YGR103W,YMR049C
YGR103W,YOR272W
YGR103W,YOR272W
YGR108W,YBL084C
YGR108W,YDR146C
YGR108W,YFL029C
YGR108W,YFR028C
YGR108W,YGL003C
YGR108W,YGL240W
YGR108W,YGR218W
YGR108W,YGR225W
YGR108W,YJL187C
YGR108W,YLR079W
YGR108W,YMR036C
YGR109C,YFR028C
YGR109C,YGR218W
YGR109C,YJL194W
YGR109C,YLR079W
YGR119C,YDL116W
YGR119C,YDL116W
YGR119C,YER107C
YGR119C,YER107C
YGR119C,YFR002W
YGR119C,YFR002W
YGR119C,YIL115C
YGR119C,YIL115C
YGR119C,YJL039C
YGR119C,YJL039C
YGR119C,YJL041W
YGR119C,YJL041W
YGR119C,YJR042W
YGR119C,YJR042W
YGR119C,YLR335W
YGR119C,YLR335W
YGR159C,YBL004W
YGR159C,YBR181C
YGR159C,YBR189W
YGR159C,YCL059C
YGR159C,YCR031C
YGR159C,YCR057C
YGR159C,YDL014W
YGR159C,YDL148C
YGR159C,YDL153C
YGR159C,YDR324C
YGR159C,YDR339C
YGR159C,YDR398W
YGR159C,YDR449C
YGR159C,YEL026W
YGR159C,YER082C
YGR159C,YGL123W
YGR159C,YGL171W
YGR159C,YGR090W
YGR159C,YHR065C
YGR159C,YHR148W
YGR159C,YHR169W
YGR159C,YIL091C
YGR159C,YJL069C
YGR159C,YJL109C
YGR159C,YJL191W
YGR159C,YJR002W
YGR159C,YKL099C
YGR159C,YLL011W
YGR159C,YLR129W
YGR159C,YLR186W
YGR159C,YLR197W
YGR159C,YLR222C
YGR159C,YLR409C
YGR159C,YML093W
YGR159C,YMR093W
YGR159C,YMR128W
YGR159C,YMR229C
YGR159C,YNL075W
YGR159C,YNL096C
YGR159C,YOL010W
YGR159C,YOR096W
YGR159C,YOR310C
YGR159C,YPL081W
YGR159C,YPL217C
YGR159C,YPR137W
YGR159C,YPR144C
YGR163W,YHR186C
YGR188C,YGL116W
YGR209C,YHR102W
YGR218W,YBL016W
YGR218W,YBR160W
YGR218W,YDL155W
YGR218W,YGR040W
YGR218W,YGR108W
YGR218W,YGR109C
YGR218W,YLR210W
YGR218W,YPR119W
YGR218W,YPR120C
YGR225W,YBR160W
YGR225W,YGR108W
YGR233C,YOL001W
YGR233C,YPL031C
YHL002W,YLL039C
YHL002W,YLR167W
YHL007C,YDR099W
YHL007C,YER177W
YHL007C,YJR086W
YHL007C,YLR229C
YHL007C,YLR362W
YHL007C,YOR212W
YHL031C,YKL006C-A
YHR005C,YFL026W
YHR005C,YKL178C
YHR005C,YLR452C
YHR030C,YBR279W
YHR030C,YER075C
YHR030C,YER111C
YHR030C,YHR205W
YHR030C,YIL113W
YHR030C,YJL164C
YHR030C,YKL166C
YHR030C,YLL021W
YHR030C,YLR182W
YHR030C,YNL053W
YHR030C,YOR208W
YHR030C,YOR231W
YHR030C,YPL089C
YHR030C,YPL140C
YHR030C,YPL203W
YHR065C,YCL031C
YHR065C,YDR324C
YHR065C,YDR398W
YHR065C,YGR090W
YHR065C,YGR095C
YHR065C,YGR159C
YHR065C,YJL050W
YHR065C,YJL069C
YHR065C,YJL109C
YHR065C,YMR093W
YHR065C,YOR001W
YHR065C,YPL126W
YHR071W,YEL009C
YHR084W,YBL016W
YHR084W,YDR480W
YHR084W,YGR040W
YHR084W,YPL049C
YHR085W,YGR103W
YHR085W,YKL172W
YHR085W,YKR063C
YHR085W,YLL035W
YHR085W,YMR049C
YHR102W,YAR019C
YHR102W,YGR209C
YHR102W,YLR043C
YHR111W,YCL017C
YHR111W,YIL008W
YHR111W,YOR251C
YHR124W,YJL106W
YHR135C,YBL016W
YHR135C,YFL026W
YHR135C,YGR040W
YHR135C,YKL178C
YHR143W-A,YGR063C
YHR143W-A,YML010W
YHR148W,YCL031C
YHR148W,YDR324C
YHR148W,YDR398W
YHR148W,YGR095C
YHR148W,YGR159C
YHR148W,YJL050W
YHR148W,YJL069C
YHR148W,YJL109C
YHR148W,YMR093W
YHR148W,YOR001W
YHR152W,YDR110W
YHR166C,YGL003C
YHR166C,YGL116W
YHR166C,YJL013C
YHR166C,YJL030W
YHR166C,YMR001C
YHR166C,YOR026W
YHR169W,YDR324C
YHR169W,YDR398W
YHR169W,YGR095C
YHR169W,YGR159C
YHR169W,YJL050W
YHR169W,YJL069C
YHR169W,YJL109C
YHR169W,YMR093W
YHR169W,YOR001W
YHR171W,YBL078C
YHR171W,YBR217W
YHR186C,YCR027C
YHR186C,YDR062W
YHR186C,YDR283C
YHR186C,YGL115W
YHR186C,YGL180W
YHR186C,YGR163W
YHR186C,YHR205W
YHR186C,YML121W
YHR186C,YMR028W
YHR186C,YMR296C
YHR186C,YPR185W
YHR205W,YBR109C
YHR205W,YDR466W
YHR205W,YFL033C
YHR205W,YHR030C
YHR205W,YHR186C
YHR205W,YJR066W
YHR205W,YKL203C
YHR205W,YNL006W
YIL003W,YMR301C
YIL004C,YLR026C
YIL004C,YLR078C
YIL004C,YLR268W
YIL008W,YHR111W
YIL008W,YLR109W
YIL015W,YGL089C
YIL015W,YPL187W
YIL021W,YGR063C
YIL021W,YML010W
YIL026C,YGR098C
YIL035C,YIL146C
YIL042C,YBR221C
YIL042C,YER178W
YIL042C,YFL018C
YIL042C,YNL071W
YIL046W,YJL187C
YIL065C,YKR001C
YIL065C,YLL001W
YIL091C,YDR324C
YIL091C,YDR398W
YIL091C,YGR090W
YIL091C,YGR095C
YIL091C,YGR159C
YIL091C,YJL050W
YIL091C,YJL069C
YIL091C,YJL109C
YIL091C,YMR093W
YIL091C,YOR001W
YIL099W,YGR044C
YIL106W,YAR019C
YIL106W,YFR028C
YIL113W,YHR030C
YIL115C,YDL116W
YIL115C,YDL116W
YIL115C,YDL207W
YIL115C,YFR002W
YIL115C,YFR002W
YIL115C,YGR119C
YIL115C,YGR119C
YIL115C,YJL041W
YIL115C,YJL041W
YIL115C,YLR335W
YIL115C,YLR335W
YIL144W,YER018C
YIL144W,YER018C
YIL144W,YJL030W
YIL144W,YJL030W
YIL144W,YMR001C
YIL144W,YMR001C
YIL144W,YOL069W
YIL144W,YOL069W
YIL144W,YPL155C
YIL144W,YPL155C
YIL144W,YPL209C
YIL144W,YPL209C
YIL146C,YBL078C
YIL146C,YGL019W
YIL146C,YIL035C
YIL146C,YOR039W
YIL146C,YOR061W
YIL146C,YPR024W
YIL147C,YDL235C
YIL149C,YJL041W
YIL149C,YJL041W
YIL150C,YBL021C
YIL150C,YBL035C
YIL150C,YIR008C
YIL150C,YKL045W
YIL150C,YNL102W
YIL150C,YNL262W
YIL150C,YOR358W
YIL150C,YPR175W
YIL159W,YPR165W
YIR008C,YAR007C
YIR008C,YBL023C
YIR008C,YBR060C
YIR008C,YBR160W
YIR008C,YBR202W
YIR008C,YDL017W
YIR008C,YEL032W
YIR008C,YGL201C
YIR008C,YIL150C
YIR008C,YJL194W
YIR008C,YLR103C
YIR008C,YLR274W
YIR008C,YNL261W
YIR008C,YNL312W
YIR008C,YPR019W
YIR008C,YPR162C
YIR026C,YBL016W
YIR026C,YGR040W
YJL005W,YDL035C
YJL005W,YER020W
YJL005W,YNL098C
YJL005W,YOR101W
YJL013C,YBL084C
YJL013C,YDL008W
YJL013C,YDR118W
YJL013C,YGL116W
YJL013C,YGL240W
YJL013C,YHR166C
YJL013C,YJL030W
YJL013C,YKL022C
YJL013C,YLR127C
YJL013C,YNL172W
YJL013C,YOR026W
YJL030W,YBL084C
YJL030W,YDL008W
YJL030W,YDR118W
YJL030W,YER018C
YJL030W,YER018C
YJL030W,YGL086W
YJL030W,YGL086W
YJL030W,YGL086W
YJL030W,YGL116W
YJL030W,YGL116W
YJL030W,YGL240W
YJL030W,YHR166C
YJL030W,YIL144W
YJL030W,YIL144W
YJL030W,YJL013C
YJL030W,YKL022C
YJL030W,YLR127C
YJL030W,YMR001C
YJL030W,YMR001C
YJL030W,YNL172W
YJL030W,YOL069W
YJL030W,YOL069W
YJL030W,YOR026W
YJL030W,YOR026W
YJL030W,YOR026W
YJL030W,YPL155C
YJL030W,YPL155C
YJL030W,YPL209C
YJL030W,YPL209C
YJL031C,YPR176C
YJL039C,YDL116W
YJL039C,YDL116W
YJL039C,YFR002W
YJL039C,YFR002W
YJL039C,YGL100W
YJL039C,YGL100W
YJL039C,YGR119C
YJL039C,YGR119C
YJL039C,YJL041W
YJL039C,YJL041W
YJL039C,YJR042W
YJL039C,YJR042W
YJL039C,YKR082W
YJL039C,YKR082W
YJL039C,YLR335W
YJL039C,YLR335W
YJL041W,YBL079W
YJL041W,YBL079W
YJL041W,YDL116W
YJL041W,YDL116W
YJL041W,YDL207W
YJL041W,YER009W
YJL041W,YER105C
YJL041W,YER105C
YJL041W,YER107C
YJL041W,YER107C
YJL041W,YFR002W
YJL041W,YFR002W
YJL041W,YGL100W
YJL041W,YGL100W
YJL041W,YGR119C
YJL041W,YGR119C
YJL041W,YIL115C
YJL041W,YIL115C
YJL041W,YIL149C
YJL041W,YIL149C
YJL041W,YJL039C
YJL041W,YJL039C
YJL041W,YJR042W
YJL041W,YJR042W
YJL041W,YKR082W
YJL041W,YKR082W
YJL041W,YKR095W
YJL041W,YKR095W
YJL041W,YLR335W
YJL041W,YLR335W
YJL041W,YPL169C
YJL050W,YBL004W
YJL050W,YBR181C
YJL050W,YBR189W
YJL050W,YCL059C
YJL050W,YCR031C
YJL050W,YCR057C
YJL050W,YDL014W
YJL050W,YDL148C
YJL050W,YDL153C
YJL050W,YDR324C
YJL050W,YDR339C
YJL050W,YDR398W
YJL050W,YDR449C
YJL050W,YEL026W
YJL050W,YER082C
YJL050W,YGL123W
YJL050W,YGL171W
YJL050W,YGR090W
YJL050W,YHR065C
YJL050W,YHR148W
YJL050W,YHR169W
YJL050W,YIL091C
YJL050W,YJL069C
YJL050W,YJL109C
YJL050W,YJL191W
YJL050W,YJR002W
YJL050W,YKL099C
YJL050W,YLL011W
YJL050W,YLR129W
YJL050W,YLR186W
YJL050W,YLR197W
YJL050W,YLR222C
YJL050W,YLR409C
YJL050W,YML093W
YJL050W,YMR093W
YJL050W,YMR128W
YJL050W,YMR229C
YJL050W,YNL075W
YJL050W,YNL096C
YJL050W,YOL010W
YJL050W,YOR096W
YJL050W,YOR310C
YJL050W,YPL081W
YJL050W,YPL217C
YJL050W,YPR137W
YJL050W,YPR144C
YJL069C,YBL004W
YJL069C,YBR181C
YJL069C,YBR189W
YJL069C,YCL059C
YJL069C,YCR031C
YJL069C,YCR057C
YJL069C,YDL014W
YJL069C,YDL148C
YJL069C,YDL153C
YJL069C,YDR324C
YJL069C,YDR324C
YJL069C,YDR339C
YJL069C,YDR398W
YJL069C,YDR398W
YJL069C,YDR449C
YJL069C,YEL026W
YJL069C,YER082C
YJL069C,YGL123W
YJL069C,YGL171W
YJL069C,YGR090W
YJL069C,YGR090W
YJL069C,YGR095C
YJL069C,YGR159C
YJL069C,YHR065C
YJL069C,YHR148W
YJL069C,YHR169W
YJL069C,YIL091C
YJL069C,YJL050W
YJL069C,YJL109C
YJL069C,YJL109C
YJL069C,YJL191W
YJL069C,YJR002W
YJL069C,YKL099C
YJL069C,YLL011W
YJL069C,YLR129W
YJL069C,YLR186W
YJL069C,YLR197W
YJL069C,YLR222C
YJL069C,YLR409C
YJL069C,YML093W
YJL069C,YMR093W
YJL069C,YMR093W
YJL069C,YMR128W
YJL069C,YMR229C
YJL069C,YNL075W
YJL069C,YNL096C
YJL069C,YOL010W
YJL069C,YOR001W
YJL069C,YOR096W
YJL069C,YOR310C
YJL069C,YPL081W
YJL069C,YPL126W
YJL069C,YPL126W
YJL069C,YPL217C
YJL069C,YPR137W
YJL069C,YPR144C
YJL074C,YGR098C
YJL076W,YAL016W
YJL076W,YDL134C
YJL076W,YDL188C
YJL076W,YDR110W
YJL076W,YFR028C
YJL076W,YGL190C
YJL095W,YBL105C
YJL095W,YOR231W
YJL095W,YPL140C
YJL101C,YNL103W
YJL106W,YDR310C
YJL106W,YHR124W
YJL106W,YJR094C
YJL106W,YLR079W
YJL109C,YBL004W
YJL109C,YBR181C
YJL109C,YBR189W
YJL109C,YCL059C
YJL109C,YCR031C
YJL109C,YCR057C
YJL109C,YDL014W
YJL109C,YDL148C
YJL109C,YDL153C
YJL109C,YDR324C
YJL109C,YDR324C
YJL109C,YDR339C
YJL109C,YDR398W
YJL109C,YDR398W
YJL109C,YDR449C
YJL109C,YEL026W
YJL109C,YER082C
YJL109C,YGL123W
YJL109C,YGL171W
YJL109C,YGR090W
YJL109C,YGR090W
YJL109C,YGR095C
YJL109C,YGR159C
YJL109C,YHR065C
YJL109C,YHR148W
YJL109C,YHR169W
YJL109C,YIL091C
YJL109C,YJL050W
YJL109C,YJL069C
YJL109C,YJL069C
YJL109C,YJL191W
YJL109C,YJR002W
YJL109C,YKL099C
YJL109C,YLL011W
YJL109C,YLR129W
YJL109C,YLR186W
YJL109C,YLR197W
YJL109C,YLR222C
YJL109C,YLR409C
YJL109C,YML093W
YJL109C,YMR093W
YJL109C,YMR093W
YJL109C,YMR128W
YJL109C,YMR229C
YJL109C,YNL075W
YJL109C,YNL096C
YJL109C,YOL010W
YJL109C,YOR001W
YJL109C,YOR096W
YJL109C,YOR310C
YJL109C,YPL081W
YJL109C,YPL126W
YJL109C,YPL126W
YJL109C,YPL217C
YJL109C,YPR137W
YJL109C,YPR144C
YJL128C,YBL016W
YJL128C,YCR073C
YJL128C,YGR040W
YJL128C,YLR113W
YJL128C,YLR362W
YJL128C,YNR031C
YJL140W,YGR063C
YJL140W,YML010W
YJL157C,YBL016W
YJL157C,YBR160W
YJL157C,YDL132W
YJL157C,YDR328C
YJL157C,YFL009W
YJL157C,YGR040W
YJL157C,YJR086W
YJL157C,YMR199W
YJL157C,YOL133W
YJL157C,YOR212W
YJL157C,YPL256C
YJL164C,YFL033C
YJL164C,YHR030C
YJL164C,YKL062W
YJL164C,YMR016C
YJL164C,YMR037C
YJL164C,YNL098C
YJL164C,YOR101W
YJL187C,YBR133C
YJL187C,YBR160W
YJL187C,YCL024W
YJL187C,YDL132W
YJL187C,YDR328C
YJL187C,YDR507C
YJL187C,YGR108W
YJL187C,YIL046W
YJL187C,YKL101W
YJL187C,YMR001C
YJL187C,YOL133W
YJL187C,YPR119W
YJL191W,YDR324C
YJL191W,YDR398W
YJL191W,YGR095C
YJL191W,YGR159C
YJL191W,YJL050W
YJL191W,YJL069C
YJL191W,YJL109C
YJL191W,YMR093W
YJL191W,YOR001W
YJL194W,YBL021C
YJL194W,YBL035C
YJL194W,YBR160W
YJL194W,YDL132W
YJL194W,YDR328C
YJL194W,YFL009W
YJL194W,YGR109C
YJL194W,YIR008C
YJL194W,YKL045W
YJL194W,YNL102W
YJL194W,YNL262W
YJL194W,YOL133W
YJL194W,YOR358W
YJL194W,YPR120C
YJL194W,YPR175W
YJR002W,YDR324C
YJR002W,YDR398W
YJR002W,YGR090W
YJR002W,YGR095C
YJR002W,YGR159C
YJR002W,YJL050W
YJR002W,YJL069C
YJR002W,YJL109C
YJR002W,YMR093W
YJR002W,YOR001W
YJR006W,YBR088C
YJR007W,YDR211W
YJR007W,YDR283C
YJR007W,YDR283C
YJR007W,YEL009C
YJR007W,YGR083C
YJR007W,YKR026C
YJR007W,YLR291C
YJR007W,YOR260W
YJR042W,YDL116W
YJR042W,YDL116W
YJR042W,YFR002W
YJR042W,YFR002W
YJR042W,YGL100W
YJR042W,YGL100W
YJR042W,YGR119C
YJR042W,YGR119C
YJR042W,YJL039C
YJR042W,YJL039C
YJR042W,YJL041W
YJR042W,YJL041W
YJR042W,YLR208W
YJR042W,YLR208W
YJR053W,YML064C
YJR053W,YMR001C
YJR065C,YPR049C
YJR066W,YDR062W
YJR066W,YDR207C
YJR066W,YDR283C
YJR066W,YGL115W
YJR066W,YGL180W
YJR066W,YHR205W
YJR066W,YLR147C
YJR066W,YMR028W
YJR066W,YMR296C
YJR066W,YOL004W
YJR066W,YPR185W
YJR086W,YHL007C
YJR086W,YJL157C
YJR086W,YNL298W
YJR086W,YOL113W
YJR090C,YMR199W
YJR090C,YPL256C
YJR094C,YJL106W
YJR138W,YBL104C
YJR138W,YDR128W
YJR138W,YML121W
YJR138W,YOL138C
YKL002W,YBL078C
YKL006C-A,YHL031C
YKL006C-A,YKL196C
YKL006C-A,YLR026C
YKL015W,YLR142W
YKL022C,YGL003C
YKL022C,YGL116W
YKL022C,YJL013C
YKL022C,YJL030W
YKL022C,YOR026W
YKL041W,YBL078C
YKL045W,YAR007C
YKL045W,YBL023C
YKL045W,YBR060C
YKL045W,YBR160W
YKL045W,YBR202W
YKL045W,YDL017W
YKL045W,YEL032W
YKL045W,YGL201C
YKL045W,YIL150C
YKL045W,YJL194W
YKL045W,YLR103C
YKL045W,YLR274W
YKL045W,YNL261W
YKL045W,YNL312W
YKL045W,YPR019W
YKL045W,YPR162C
YKL048C,YDR477W
YKL062W,YFL033C
YKL062W,YJL164C
YKL062W,YKL166C
YKL062W,YLR113W
YKL062W,YPL203W
YKL092C,YBR260C
YKL092C,YNL098C
YKL092C,YOR101W
YKL099C,YCL031C
YKL099C,YDR324C
YKL099C,YDR398W
YKL099C,YGR095C
YKL099C,YGR159C
YKL099C,YJL050W
YKL099C,YJL069C
YKL099C,YJL109C
YKL099C,YMR093W
YKL099C,YOR001W
YKL099C,YOR287C
YKL101W,YJL187C
YKL101W,YLR113W
YKL112W,YAL054C
YKL126W,YBR109C
YKL126W,YDR466W
YKL143W,YCR047C
YKL161C,YBR279W
YKL161C,YER111C
YKL161C,YLR182W
YKL161C,YOR231W
YKL161C,YPL089C
YKL161C,YPL140C
YKL166C,YFL033C
YKL166C,YHR030C
YKL166C,YKL062W
YKL166C,YMR016C
YKL166C,YMR037C
YKL166C,YNL098C
YKL166C,YOR101W
YKL172W,YGR103W
YKL172W,YHR085W
YKL172W,YMR049C
YKL172W,YOR272W
YKL178C,YDR461W
YKL178C,YER125W
YKL178C,YHR005C
YKL178C,YHR135C
YKL178C,YNL145W
YKL178C,YNL154C
YKL196C,YAL014C
YKL196C,YGL212W
YKL196C,YKL006C-A
YKL196C,YMR197C
YKL196C,YOR106W
YKL203C,YDR062W
YKL203C,YDR207C
YKL203C,YDR283C
YKL203C,YGL115W
YKL203C,YGL180W
YKL203C,YHR205W
YKL203C,YLR147C
YKL203C,YMR028W
YKL203C,YMR296C
YKL203C,YOL004W
YKL203C,YPR185W
YKR001C,YAL010C
YKR001C,YGL219C
YKR001C,YIL065C
YKR001C,YLL006W
YKR001C,YOL009C
YKR001C,YPR049C
YKR026C,YJR007W
YKR054C,YOR269W
YKR054C,YOR269W
YKR059W,YPR163C
YKR063C,YHR085W
YKR063C,YLL035W
YKR063C,YLL035W
YKR063C,YNL182C
YKR082W,YDL116W
YKR082W,YDL116W
YKR082W,YJL039C
YKR082W,YJL039C
YKR082W,YJL041W
YKR082W,YJL041W
YKR082W,YLR208W
YKR082W,YLR208W
YKR095W,YJL041W
YKR095W,YJL041W
YLL001W,YAL010C
YLL001W,YGL219C
YLL001W,YIL065C
YLL001W,YLL006W
YLL001W,YOL009C
YLL001W,YPR049C
YLL004W,YBL035C
YLL004W,YNL102W
YLL004W,YPR175W
YLL006W,YKR001C
YLL006W,YLL001W
YLL011W,YCL031C
YLL011W,YDR324C
YLL011W,YDR398W
YLL011W,YGR090W
YLL011W,YGR095C
YLL011W,YGR159C
YLL011W,YJL050W
YLL011W,YJL069C
YLL011W,YJL109C
YLL011W,YMR093W
YLL011W,YOR001W
YLL011W,YPL126W
YLL021W,YHR030C
YLL021W,YOR231W
YLL021W,YPL140C
YLL024C,YOR178C
YLL027W,YGL018C
YLL035W,YHR085W
YLL035W,YKR063C
YLL035W,YKR063C
YLL035W,YNL182C
YLL039C,YBR088C
YLL039C,YHL002W
YLL039C,YOL087C
YLL042C,YBR217W
YLR006C,YCR073C
YLR006C,YDL235C
YLR006C,YNR031C
YLR025W,YBL078C
YLR026C,YIL004C
YLR026C,YKL006C-A
YLR043C,YHR102W
YLR045C,YPL155C
YLR045C,YPL155C
YLR056W,YGL012W
YLR078C,YIL004C
YLR079W,YBR160W
YLR079W,YDL132W
YLR079W,YDR328C
YLR079W,YFL009W
YLR079W,YFR028C
YLR079W,YGR108W
YLR079W,YGR109C
YLR079W,YJL106W
YLR079W,YLR113W
YLR079W,YMR199W
YLR079W,YOL133W
YLR079W,YPL256C
YLR079W,YPR119W
YLR079W,YPR120C
YLR086W,YFR031C
YLR086W,YFR031C
YLR103C,YBL021C
YLR103C,YBL035C
YLR103C,YIR008C
YLR103C,YKL045W
YLR103C,YNL102W
YLR103C,YNL262W
YLR103C,YOR358W
YLR103C,YPR175W
YLR109W,YIL008W
YLR113W,YBR133C
YLR113W,YBR182C
YLR113W,YDL006W
YLR113W,YER075C
YLR113W,YJL128C
YLR113W,YKL062W
YLR113W,YKL101W
YLR113W,YLR079W
YLR113W,YLR229C
YLR113W,YMR037C
YLR113W,YMR172W
YLR113W,YNL167C
YLR113W,YOR208W
YLR120C,YGR014W
YLR127C,YGL003C
YLR127C,YGL116W
YLR127C,YJL013C
YLR127C,YJL030W
YLR128W,YDL132W
YLR128W,YLR306W
YLR128W,YOL133W
YLR128W,YOL133W
YLR129W,YCL031C
YLR129W,YDR324C
YLR129W,YDR398W
YLR129W,YGR090W
YLR129W,YGR095C
YLR129W,YGR159C
YLR129W,YJL050W
YLR129W,YJL069C
YLR129W,YJL109C
YLR129W,YMR093W
YLR129W,YOR001W
YLR129W,YPL126W
YLR131C,YLR286C
YLR142W,YKL015W
YLR147C,YJR066W
YLR147C,YKL203C
YLR167W,YHL002W
YLR167W,YOL087C
YLR176C,YDL101C
YLR182W,YAL040C
YLR182W,YBR160W
YLR182W,YHR030C
YLR182W,YKL161C
YLR182W,YMR199W
YLR182W,YOR083W
YLR182W,YPL256C
YLR186W,YDR324C
YLR186W,YDR398W
YLR186W,YGR095C
YLR186W,YGR159C
YLR186W,YJL050W
YLR186W,YJL069C
YLR186W,YJL109C
YLR186W,YMR093W
YLR186W,YOR001W
YLR197W,YDR324C
YLR197W,YDR398W
YLR197W,YGR090W
YLR197W,YGR095C
YLR197W,YGR159C
YLR197W,YJL050W
YLR197W,YJL069C
YLR197W,YJL109C
YLR197W,YMR093W
YLR197W,YOR001W
YLR197W,YPL126W
YLR208W,YDL116W
YLR208W,YDL116W
YLR208W,YGL100W
YLR208W,YGL100W
YLR208W,YJR042W
YLR208W,YJR042W
YLR208W,YKR082W
YLR208W,YKR082W
YLR210W,YFR028C
YLR210W,YGR218W
YLR214W,YMR021C
YLR222C,YCL031C
YLR222C,YDR324C
YLR222C,YDR398W
YLR222C,YGR090W
YLR222C,YGR095C
YLR222C,YGR159C
YLR222C,YJL050W
YLR222C,YJL069C
YLR222C,YJL109C
YLR222C,YMR093W
YLR222C,YOR001W
YLR222C,YPL126W
YLR229C,YAL041W
YLR229C,YAL041W
YLR229C,YAL041W
YLR229C,YBR109C
YLR229C,YDR099W
YLR229C,YDR379W
YLR229C,YDR420W
YLR229C,YER118C
YLR229C,YER177W
YLR229C,YFL039C
YLR229C,YGR014W
YLR229C,YHL007C
YLR229C,YLR113W
YLR229C,YNL271C
YLR229C,YNL298W
YLR229C,YOL113W
YLR229C,YOR127W
YLR229C,YOR181W
YLR229C,YPL115C
YLR229C,YPL242C
YLR229C,YPL242C
YLR229C,YPR165W
YLR229C,YPR165W
YLR240W,YBL078C
YLR240W,YBL078C
YLR240W,YBR097W
YLR240W,YDL149W
YLR240W,YPL120W
YLR263W,YBR136W
YLR263W,YOR351C
YLR268W,YDR498C
YLR268W,YGL098W
YLR268W,YIL004C
YLR268W,YOR075W
YLR274W,YBL021C
YLR274W,YBL035C
YLR274W,YDL017W
YLR274W,YDR052C
YLR274W,YIR008C
YLR274W,YKL045W
YLR274W,YNL102W
YLR274W,YNL262W
YLR274W,YOR358W
YLR274W,YPR175W
YLR286C,YLR131C
YLR288C,YBR136W
YLR291C,YER025W
YLR291C,YJR007W
YLR306W,YDL132W
YLR306W,YLR128W
YLR306W,YOL133W
YLR332W,YGR070W
YLR332W,YLR371W
YLR335W,YDL116W
YLR335W,YDL116W
YLR335W,YFR002W
YLR335W,YFR002W
YLR335W,YGR119C
YLR335W,YGR119C
YLR335W,YIL115C
YLR335W,YIL115C
YLR335W,YJL039C
YLR335W,YJL039C
YLR335W,YJL041W
YLR335W,YJL041W
YLR362W,YCL032W
YLR362W,YDL159W
YLR362W,YHL007C
YLR362W,YJL128C
YLR362W,YNL298W
YLR362W,YOL113W
YLR371W,YGR023W
YLR371W,YLR332W
YLR371W,YNL283C
YLR371W,YOL105C
YLR371W,YOR008C
YLR371W,YPR165W
YLR409C,YDR324C
YLR409C,YDR398W
YLR409C,YGR090W
YLR409C,YGR095C
YLR409C,YGR159C
YLR409C,YJL050W
YLR409C,YJL069C
YLR409C,YJL109C
YLR409C,YMR093W
YLR409C,YOR001W
YLR409C,YPL126W
YLR423C,YDL149W
YLR423C,YPR185W
YLR425W,YPR165W
YLR451W,YCL018W
YLR452C,YHR005C
YML001W,YDL234C
YML001W,YGR100W
YML010W,YBR154C
YML010W,YDR404C
YML010W,YGL070C
YML010W,YHR143W-A
YML010W,YIL021W
YML010W,YJL140W
YML010W,YOL005C
YML010W,YOR151C
YML010W,YOR210W
YML010W,YOR224C
YML010W,YPR187W
YML064C,YAL024C
YML064C,YAR019C
YML064C,YJR053W
YML064C,YMR055C
YML065W,YNL102W
YML093W,YDR324C
YML093W,YDR398W
YML093W,YGR090W
YML093W,YGR095C
YML093W,YGR159C
YML093W,YJL050W
YML093W,YJL069C
YML093W,YJL109C
YML093W,YMR093W
YML093W,YOR001W
YML093W,YOR287C
YML093W,YPL126W
YML121W,YEL062W
YML121W,YHR186C
YML121W,YJR138W
YMR001C,YBL084C
YMR001C,YGL003C
YMR001C,YHR166C
YMR001C,YIL144W
YMR001C,YIL144W
YMR001C,YJL030W
YMR001C,YJL030W
YMR001C,YJL187C
YMR001C,YJR053W
YMR001C,YMR036C
YMR001C,YMR055C
YMR001C,YPL153C
YMR001C,YPR007C
YMR016C,YJL164C
YMR016C,YKL166C
YMR016C,YPL203W
YMR021C,YLR214W
YMR028W,YDL134C
YMR028W,YDL188C
YMR028W,YHR186C
YMR028W,YJR066W
YMR028W,YKL203C
YMR028W,YNL006W
YMR028W,YPR040W
YMR036C,YBR160W
YMR036C,YBR274W
YMR036C,YGR108W
YMR036C,YMR001C
YMR036C,YPR119W
YMR037C,YFL033C
YMR037C,YJL164C
YMR037C,YKL166C
YMR037C,YLR113W
YMR037C,YPL203W
YMR049C,YER006W
YMR049C,YGR103W
YMR049C,YGR103W
YMR049C,YHR085W
YMR049C,YKL172W
YMR049C,YOR272W
YMR049C,YOR272W
YMR055C,YML064C
YMR055C,YMR001C
YMR077C,YBL078C
YMR093W,YBL004W
YMR093W,YBR181C
YMR093W,YBR189W
YMR093W,YCL059C
YMR093W,YCR031C
YMR093W,YCR057C
YMR093W,YDL014W
YMR093W,YDL148C
YMR093W,YDL153C
YMR093W,YDR324C
YMR093W,YDR324C
YMR093W,YDR339C
YMR093W,YDR398W
YMR093W,YDR398W
YMR093W,YDR449C
YMR093W,YEL026W
YMR093W,YER082C
YMR093W,YGL123W
YMR093W,YGL171W
YMR093W,YGR090W
YMR093W,YGR090W
YMR093W,YGR095C
YMR093W,YGR159C
YMR093W,YHR065C
YMR093W,YHR148W
YMR093W,YHR169W
YMR093W,YIL091C
YMR093W,YJL050W
YMR093W,YJL069C
YMR093W,YJL069C
YMR093W,YJL109C
YMR093W,YJL109C
YMR093W,YJL191W
YMR093W,YJR002W
YMR093W,YKL099C
YMR093W,YLL011W
YMR093W,YLR129W
YMR093W,YLR186W
YMR093W,YLR197W
YMR093W,YLR222C
YMR093W,YLR409C
YMR093W,YML093W
YMR093W,YMR128W
YMR093W,YMR229C
YMR093W,YNL075W
YMR093W,YNL096C
YMR093W,YOL010W
YMR093W,YOR001W
YMR093W,YOR096W
YMR093W,YOR310C
YMR093W,YPL081W
YMR093W,YPL126W
YMR093W,YPL126W
YMR093W,YPL217C
YMR093W,YPR137W
YMR093W,YPR144C
YMR104C,YBR109C
YMR104C,YDR466W
YMR128W,YDR324C
YMR128W,YDR398W
YMR128W,YGR090W
YMR128W,YGR095C
YMR128W,YGR159C
YMR128W,YJL050W
YMR128W,YJL069C
YMR128W,YJL109C
YMR128W,YMR093W
YMR128W,YOR001W
YMR128W,YPL126W
YMR139W,YDR207C
YMR159C,YNR007C
YMR172W,YLR113W
YMR183C,YAL030W
YMR183C,YOR327C
YMR197C,YAL030W
YMR197C,YKL196C
YMR197C,YOR327C
YMR199W,YDL132W
YMR199W,YDR328C
YMR199W,YJL157C
YMR199W,YJR090C
YMR199W,YLR079W
YMR199W,YLR182W
YMR199W,YOL133W
YMR199W,YOR083W
YMR224C,YBL088C
YMR229C,YDR324C
YMR229C,YDR398W
YMR229C,YGR090W
YMR229C,YGR095C
YMR229C,YGR159C
YMR229C,YJL050W
YMR229C,YJL069C
YMR229C,YJL109C
YMR229C,YMR093W
YMR229C,YOR001W
YMR229C,YPL126W
YMR235C,YDL116W
YMR235C,YDL116W
YMR235C,YDR002W
YMR235C,YDR002W
YMR296C,YHR186C
YMR296C,YJR066W
YMR296C,YKL203C
YMR296C,YNL006W
YMR301C,YGL091C
YMR301C,YIL003W
YMR319C,YGL071W
YNL006W,YCR027C
YNL006W,YDR062W
YNL006W,YDR283C
YNL006W,YHR205W
YNL006W,YMR028W
YNL006W,YMR296C
YNL006W,YPR185W
YNL007C,YER103W
YNL007C,YGL073W
YNL007C,YNL064C
YNL007C,YNL064C
YNL031C,YEL056W
YNL053W,YBL016W
YNL053W,YGR040W
YNL053W,YHR030C
YNL064C,YER103W
YNL064C,YNL007C
YNL064C,YNL007C
YNL071W,YIL042C
YNL075W,YCL031C
YNL075W,YDR324C
YNL075W,YDR398W
YNL075W,YGR090W
YNL075W,YGR095C
YNL075W,YGR159C
YNL075W,YJL050W
YNL075W,YJL069C
YNL075W,YJL109C
YNL075W,YMR093W
YNL075W,YOR001W
YNL075W,YPL126W
YNL096C,YDR324C
YNL096C,YDR398W
YNL096C,YGR095C
YNL096C,YGR159C
YNL096C,YJL050W
YNL096C,YJL069C
YNL096C,YJL109C
YNL096C,YMR093W
YNL096C,YOR001W
YNL098C,YBR260C
YNL098C,YDL035C
YNL098C,YJL005W
YNL098C,YJL164C
YNL098C,YKL092C
YNL098C,YKL166C
YNL098C,YPL203W
YNL102W,YAR007C
YNL102W,YBL023C
YNL102W,YBR060C
YNL102W,YBR160W
YNL102W,YBR202W
YNL102W,YDL017W
YNL102W,YEL032W
YNL102W,YGL201C
YNL102W,YIL150C
YNL102W,YJL194W
YNL102W,YLL004W
YNL102W,YLR103C
YNL102W,YLR274W
YNL102W,YML065W
YNL102W,YNL261W
YNL102W,YNL312W
YNL102W,YPR019W
YNL102W,YPR162C
YNL103W,YJL101C
YNL103W,YPR167C
YNL119W,YGL211W
YNL145W,YKL178C
YNL154C,YBL016W
YNL154C,YFL026W
YNL154C,YGR040W
YNL154C,YKL178C
YNL167C,YBR112C
YNL167C,YCR084C
YNL167C,YLR113W
YNL172W,YGL003C
YNL172W,YGL116W
YNL172W,YJL013C
YNL172W,YJL030W
YNL172W,YOR026W
YNL182C,YKR063C
YNL182C,YLL035W
YNL207W,YCR047C
YNL223W,YBL078C
YNL223W,YBL078C
YNL242W,YDL149W
YNL242W,YFR021W
YNL242W,YGL180W
YNL242W,YPL100W
YNL261W,YBL021C
YNL261W,YBL035C
YNL261W,YIR008C
YNL261W,YKL045W
YNL261W,YNL102W
YNL261W,YNL262W
YNL261W,YOR358W
YNL261W,YPR175W
YNL262W,YAR007C
YNL262W,YBL023C
YNL262W,YBR060C
YNL262W,YBR088C
YNL262W,YBR160W
YNL262W,YBR202W
YNL262W,YDL017W
YNL262W,YEL032W
YNL262W,YGL201C
YNL262W,YIL150C
YNL262W,YJL194W
YNL262W,YLR103C
YNL262W,YLR274W
YNL262W,YNL261W
YNL262W,YNL312W
YNL262W,YPR019W
YNL262W,YPR162C
YNL271C,YBL016W
YNL271C,YGR040W
YNL271C,YLR229C
YNL271C,YPR165W
YNL283C,YGR070W
YNL283C,YLR371W
YNL293W,YFL038C
YNL298W,YJR086W
YNL298W,YLR229C
YNL298W,YLR362W
YNL298W,YOR212W
YNL312W,YBL021C
YNL312W,YBL035C
YNL312W,YIR008C
YNL312W,YKL045W
YNL312W,YNL102W
YNL312W,YNL262W
YNL312W,YOR358W
YNL312W,YPR175W
YNL317W,YBR133C
YNR007C,YBL078C
YNR007C,YBR217W
YNR007C,YMR159C
YNR007C,YPL149W
YNR026C,YPL218W
YNR031C,YJL128C
YNR031C,YLR006C
YNR035C,YOR181W
YOL001W,YFR034C
YOL001W,YGR233C
YOL004W,YJR066W
YOL004W,YKL203C
YOL005C,YGR063C
YOL005C,YML010W
YOL009C,YKR001C
YOL009C,YLL001W
YOL010W,YDR324C
YOL010W,YDR398W
YOL010W,YGR095C
YOL010W,YGR159C
YOL010W,YJL050W
YOL010W,YJL069C
YOL010W,YJL109C
YOL010W,YMR093W
YOL010W,YOR001W
YOL018C,YAL030W
YOL018C,YOR327C
YOL069W,YER018C
YOL069W,YER018C
YOL069W,YIL144W
YOL069W,YIL144W
YOL069W,YJL030W
YOL069W,YJL030W
YOL069W,YPL209C
YOL069W,YPL209C
YOL087C,YLL039C
YOL087C,YLR167W
YOL100W,YBL105C
YOL105C,YGR070W
YOL105C,YLR371W
YOL112W,YFL038C
YOL113W,YJR086W
YOL113W,YLR229C
YOL113W,YLR362W
YOL113W,YOR212W
YOL133W,YDL132W
YOL133W,YDL132W
YOL133W,YDR328C
YOL133W,YDR328C
YOL133W,YJL157C
YOL133W,YJL187C
YOL133W,YJL194W
YOL133W,YLR079W
YOL133W,YLR128W
YOL133W,YLR128W
YOL133W,YLR306W
YOL133W,YMR199W
YOL133W,YPL046C
YOL133W,YPL046C
YOL133W,YPL256C
YOL138C,YEL062W
YOL138C,YJR138W
YOL139C,YDR532C
YOR001W,YBL004W
YOR001W,YBR181C
YOR001W,YBR189W
YOR001W,YCL059C
YOR001W,YCR031C
YOR001W,YCR057C
YOR001W,YDL014W
YOR001W,YDL148C
YOR001W,YDL153C
YOR001W,YDR324C
YOR001W,YDR339C
YOR001W,YDR398W
YOR001W,YDR449C
YOR001W,YEL026W
YOR001W,YER082C
YOR001W,YGL123W
YOR001W,YGL171W
YOR001W,YGR090W
YOR001W,YHR065C
YOR001W,YHR148W
YOR001W,YHR169W
YOR001W,YIL091C
YOR001W,YJL069C
YOR001W,YJL109C
YOR001W,YJL191W
YOR001W,YJR002W
YOR001W,YKL099C
YOR001W,YLL011W
YOR001W,YLR129W
YOR001W,YLR186W
YOR001W,YLR197W
YOR001W,YLR222C
YOR001W,YLR409C
YOR001W,YML093W
YOR001W,YMR093W
YOR001W,YMR128W
YOR001W,YMR229C
YOR001W,YNL075W
YOR001W,YNL096C
YOR001W,YOL010W
YOR001W,YOR096W
YOR001W,YOR310C
YOR001W,YPL081W
YOR001W,YPL217C
YOR001W,YPR137W
YOR001W,YPR144C
YOR008C,YGR070W
YOR008C,YLR371W
YOR026W,YBL084C
YOR026W,YDL008W
YOR026W,YDR118W
YOR026W,YGL116W
YOR026W,YGL116W
YOR026W,YGL240W
YOR026W,YHR166C
YOR026W,YJL013C
YOR026W,YJL030W
YOR026W,YJL030W
YOR026W,YJL030W
YOR026W,YKL022C
YOR026W,YNL172W
YOR026W,YPL209C
YOR026W,YPL209C
YOR039W,YIL146C
YOR056C,YCR047C
YOR061W,YIL146C
YOR075W,YLR268W
YOR083W,YAL040C
YOR083W,YBR160W
YOR083W,YDL056W
YOR083W,YER111C
YOR083W,YLR182W
YOR083W,YMR199W
YOR083W,YPL256C
YOR096W,YDR324C
YOR096W,YDR398W
YOR096W,YGR095C
YOR096W,YGR159C
YOR096W,YJL050W
YOR096W,YJL069C
YOR096W,YJL109C
YOR096W,YMR093W
YOR096W,YOR001W
YOR101W,YBR260C
YOR101W,YDL035C
YOR101W,YJL005W
YOR101W,YJL164C
YOR101W,YKL092C
YOR101W,YKL166C
YOR101W,YPL203W
YOR106W,YKL196C
YOR127W,YLR229C
YOR128C,YEL009C
YOR145C,YCR047C
YOR151C,YGR063C
YOR151C,YML010W
YOR153W,YGL013C
YOR178C,YAL005C
YOR178C,YLL024C
YOR181W,YFL039C
YOR181W,YLR229C
YOR181W,YNR035C
YOR195W,YAL016W
YOR195W,YDL134C
YOR195W,YDL188C
YOR195W,YGL190C
YOR195W,YGR098C
YOR208W,YBL016W
YOR208W,YGR040W
YOR208W,YHR030C
YOR208W,YLR113W
YOR210W,YGR063C
YOR210W,YML010W
YOR212W,YHL007C
YOR212W,YJL157C
YOR212W,YNL298W
YOR212W,YOL113W
YOR224C,YGR063C
YOR224C,YML010W
YOR226C,YPL252C
YOR231W,YHR030C
YOR231W,YJL095W
YOR231W,YKL161C
YOR231W,YLL021W
YOR251C,YCL017C
YOR251C,YHR111W
YOR260W,YER025W
YOR260W,YJR007W
YOR260W,YPL237W
YOR269W,YKR054C
YOR269W,YKR054C
YOR272W,YER006W
YOR272W,YGR103W
YOR272W,YGR103W
YOR272W,YKL172W
YOR272W,YMR049C
YOR272W,YMR049C
YOR287C,YCL031C
YOR287C,YCL031C
YOR287C,YCL059C
YOR287C,YKL099C
YOR287C,YML093W
YOR287C,YPR144C
YOR310C,YDR324C
YOR310C,YDR398W
YOR310C,YGR090W
YOR310C,YGR095C
YOR310C,YGR159C
YOR310C,YJL050W
YOR310C,YJL069C
YOR310C,YJL109C
YOR310C,YMR093W
YOR310C,YOR001W
YOR310C,YPL126W
YOR327C,YDR468C
YOR327C,YMR183C
YOR327C,YMR197C
YOR327C,YOL018C
YOR327C,YPL232W
YOR351C,YLR263W
YOR358W,YAR007C
YOR358W,YBL023C
YOR358W,YBR060C
YOR358W,YBR160W
YOR358W,YBR202W
YOR358W,YDL017W
YOR358W,YEL032W
YOR358W,YGL201C
YOR358W,YIL150C
YOR358W,YJL194W
YOR358W,YLR103C
YOR358W,YLR274W
YOR358W,YNL261W
YOR358W,YNL312W
YOR358W,YPR019W
YOR358W,YPR162C
YOR368W,YBR136W
YOR384W,YDL084W
YPL031C,YEL009C
YPL031C,YFR034C
YPL031C,YGR233C
YPL046C,YOL133W
YPL046C,YOL133W
YPL049C,YBL016W
YPL049C,YGR040W
YPL049C,YHR084W
YPL059W,YGL018C
YPL081W,YDR324C
YPL081W,YDR398W
YPL081W,YGR095C
YPL081W,YGR159C
YPL081W,YJL050W
YPL081W,YJL069C
YPL081W,YJL109C
YPL081W,YMR093W
YPL081W,YOR001W
YPL089C,YHR030C
YPL089C,YKL161C
YPL100W,YDL149W
YPL100W,YNL242W
YPL115C,YLR229C
YPL120W,YBL078C
YPL120W,YBL078C
YPL120W,YDL149W
YPL120W,YGL180W
YPL120W,YLR240W
YPL126W,YBL004W
YPL126W,YCR057C
YPL126W,YDL014W
YPL126W,YDL148C
YPL126W,YDR324C
YPL126W,YDR324C
YPL126W,YDR398W
YPL126W,YDR398W
YPL126W,YDR449C
YPL126W,YER082C
YPL126W,YGR090W
YPL126W,YGR090W
YPL126W,YHR065C
YPL126W,YJL069C
YPL126W,YJL069C
YPL126W,YJL109C
YPL126W,YJL109C
YPL126W,YLL011W
YPL126W,YLR129W
YPL126W,YLR197W
YPL126W,YLR222C
YPL126W,YLR409C
YPL126W,YML093W
YPL126W,YMR093W
YPL126W,YMR093W
YPL126W,YMR128W
YPL126W,YMR229C
YPL126W,YNL075W
YPL126W,YOR310C
YPL126W,YPL217C
YPL126W,YPR137W
YPL126W,YPR144C
YPL135W,YPL252C
YPL140C,YHR030C
YPL140C,YJL095W
YPL140C,YKL161C
YPL140C,YLL021W
YPL149W,YBL078C
YPL149W,YNR007C
YPL153C,YBR136W
YPL153C,YCL061C
YPL153C,YDL101C
YPL153C,YDR217C
YPL153C,YDR499W
YPL153C,YMR001C
YPL155C,YER016W
YPL155C,YER016W
YPL155C,YIL144W
YPL155C,YIL144W
YPL155C,YJL030W
YPL155C,YJL030W
YPL155C,YLR045C
YPL155C,YLR045C
YPL155C,YPL209C
YPL155C,YPL209C
YPL166W,YDL149W
YPL166W,YPR185W
YPL169C,YDL207W
YPL169C,YJL041W
YPL187W,YFL026W
YPL187W,YIL015W
YPL194W,YBR136W
YPL203W,YFL033C
YPL203W,YHR030C
YPL203W,YKL062W
YPL203W,YMR016C
YPL203W,YMR037C
YPL203W,YNL098C
YPL203W,YOR101W
YPL209C,YER018C
YPL209C,YER018C
YPL209C,YIL144W
YPL209C,YIL144W
YPL209C,YJL030W
YPL209C,YJL030W
YPL209C,YOL069W
YPL209C,YOL069W
YPL209C,YOR026W
YPL209C,YOR026W
YPL209C,YPL155C
YPL209C,YPL155C
YPL217C,YCL031C
YPL217C,YDR324C
YPL217C,YDR398W
YPL217C,YGR090W
YPL217C,YGR095C
YPL217C,YGR159C
YPL217C,YJL050W
YPL217C,YJL069C
YPL217C,YJL109C
YPL217C,YMR093W
YPL217C,YOR001W
YPL217C,YPL126W
YPL218W,YCR067C
YPL218W,YNR026C
YPL232W,YAL030W
YPL232W,YOR327C
YPL237W,YDR211W
YPL237W,YOR260W
YPL240C,YGL073W
YPL242C,YBR109C
YPL242C,YFL039C
YPL242C,YLR229C
YPL242C,YLR229C
YPL252C,YCL017C
YPL252C,YDL120W
YPL252C,YER048W-A
YPL252C,YOR226C
YPL252C,YPL135W
YPL256C,YDL132W
YPL256C,YDR328C
YPL256C,YJL157C
YPL256C,YJR090C
YPL256C,YLR079W
YPL256C,YLR182W
YPL256C,YOL133W
YPL256C,YOR083W
YPR007C,YGR098C
YPR007C,YMR001C
YPR019W,YBL021C
YPR019W,YBL035C
YPR019W,YDL017W
YPR019W,YDR052C
YPR019W,YIR008C
YPR019W,YKL045W
YPR019W,YNL102W
YPR019W,YNL262W
YPR019W,YOR358W
YPR019W,YPR175W
YPR024W,YIL146C
YPR040W,YMR028W
YPR041W,YPR163C
YPR049C,YDL029W
YPR049C,YDL134C
YPR049C,YDL188C
YPR049C,YJR065C
YPR049C,YKR001C
YPR049C,YLL001W
YPR067W,YGL018C
YPR075C,YCL032W
YPR080W,YGL073W
YPR111W,YAR019C
YPR111W,YFR028C
YPR119W,YBL084C
YPR119W,YDR146C
YPR119W,YFL029C
YPR119W,YFR028C
YPR119W,YGL003C
YPR119W,YGL240W
YPR119W,YGR218W
YPR119W,YJL187C
YPR119W,YLR079W
YPR119W,YMR036C
YPR120C,YFR028C
YPR120C,YGR218W
YPR120C,YJL194W
YPR120C,YLR079W
YPR137W,YDR324C
YPR137W,YDR398W
YPR137W,YGR090W
YPR137W,YGR095C
YPR137W,YGR159C
YPR137W,YJL050W
YPR137W,YJL069C
YPR137W,YJL109C
YPR137W,YMR093W
YPR137W,YOR001W
YPR137W,YPL126W
YPR144C,YCL031C
YPR144C,YDR324C
YPR144C,YDR398W
YPR144C,YGR090W
YPR144C,YGR095C
YPR144C,YGR159C
YPR144C,YJL050W
YPR144C,YJL069C
YPR144C,YJL109C
YPR144C,YMR093W
YPR144C,YOR001W
YPR144C,YOR287C
YPR144C,YPL126W
YPR162C,YBL021C
YPR162C,YBL035C
YPR162C,YIR008C
YPR162C,YKL045W
YPR162C,YNL102W
YPR162C,YNL262W
YPR162C,YOR358W
YPR162C,YPR175W
YPR163C,YKR059W
YPR163C,YPR041W
YPR165W,YAL041W
YPR165W,YAL041W
YPR165W,YBL105C
YPR165W,YDL135C
YPR165W,YDR389W
YPR165W,YER155C
YPR165W,YFL039C
YPR165W,YGR070W
YPR165W,YIL159W
YPR165W,YLR229C
YPR165W,YLR229C
YPR165W,YLR371W
YPR165W,YLR425W
YPR165W,YNL271C
YPR167C,YNL103W
YPR175W,YAR007C
YPR175W,YBL023C
YPR175W,YBR060C
YPR175W,YBR160W
YPR175W,YBR202W
YPR175W,YDL017W
YPR175W,YEL032W
YPR175W,YGL201C
YPR175W,YIL150C
YPR175W,YJL194W
YPR175W,YLL004W
YPR175W,YLR103C
YPR175W,YLR274W
YPR175W,YNL261W
YPR175W,YNL312W
YPR175W,YPR019W
YPR175W,YPR162C
YPR176C,YJL031C
YPR185W,YDL134C
YPR185W,YDL149W
YPR185W,YDL188C
YPR185W,YDR022C
YPR185W,YGL180W
YPR185W,YHR186C
YPR185W,YJR066W
YPR185W,YKL203C
YPR185W,YLR423C
YPR185W,YNL006W
YPR185W,YPL166W
YPR187W,YGR063C
YPR187W,YML010W
